category;acronym;sub category;description;acronym2;provider;product
analytics;;;search document;;aws;Amazon CloudSearch
analytics;;;big data platform;;aws;Amazon EMR
analytics;;;big data platform;;apache;Apache Adoop
analytics;;;big data platform;;apache;Apache Spark
analytics;;;data lake;;aws;AWS lake Formation
analytics;;;data stream;;aws;Amazon Kinesis Data Stream
analytics;;;video streams;;aws;Amazon Kinesis Video Stream
analytics;;;extract, transform and load;ETL;aws;Amazon Data Firehose
analytics;;;extract, transform and load;ETL;aws;AWS Glue
analytics;;;data analytics;;aws;Amazon Kinesis Data Analytics
analytics;;;log analytics;;aws;Amazon OpenSearch Service
analytics;;;online analytical processing;OLAP;aws;Amazon Redshift
analytics;;;reporting;;aws;Amazon Quicksight
analytics;;;data preparation;;aws;AWS Glue DataBrew
analytics;;;financial analytics;;aws;Amazon FinSpace
analytics;;;data management;;aws;Amazon DataZone
analytics;;;data sharing;;aws;AWS Clean Rooms
analytics;;;database query;;aws;Amazon Athena
analytics;;;data matching;;aws;AWS Entity Resolution
analytics;;;Enterprise-grade analytics engine as a service;;azure;Azure Analysis Services
analytics;;;Fast and highly scalable data exploration service;;azure;Azure Data Explorer
analytics;;;Hybrid data integration at enterprise scale, made easy;;azure;Azure Data Factory
analytics;;;Scalable, secure data lake for high-performance analytics;;azure;Azure Data Lake Storage
analytics;;;Hyperscale repository for big data analytics workloads;;azure;Azure Data Lake Storage Gen1
analytics;;;A simple and safe service for sharing big data with external organizations;;azure;Azure Data Share
analytics;;;Design AI with Apache Spark�-based analytics;;azure;Azure Databricks
analytics;;;Real-time analytics on fast-moving streaming data;;azure;Azure Stream Analytics
analytics;;;Limitless analytics with unmatched time to insight;;azure;Azure Synapse Analytics
analytics;;;Get more value from your enterprise data assets;;azure;Data Catalog
analytics;;;Distributed analytics service that makes big data easy;;azure;Data Lake Analytics
analytics;;;Receive telemetry from millions of devices;;azure;Event Hubs
analytics;;;Provision cloud Hadoop, Spark, R Server, HBase, and Storm clusters;;azure;HDInsight
analytics;;;White label Power BI to quickly and easily provide exceptional customer facing dashboards and analytics in your own applications;;azure;Power BI Embedded
analytics;;;Predictive analytics, machine learning, and statistical modeling for big data;;azure;R Server for HDInsight
analytics;;;A unified data governance solution that maximizes the business value of your data;;azure;Azure Purview
analytics;;;A secure, high-throughput connector designed to copy select Microsoft 365 productivity datasets into your Azure tenant;;azure;Microsoft Graph Data Connect�PREVIEW
analytics;;;Improve application resilience by introducing faults and simulating outages;;azure;Azure Chaos Studio�PREVIEW
application-integration;;;notification service;;aws;Amazon Simple Notification Service (SNS)
application-integration;;;message queue;;aws;Amazon Simple Queue Service
application-integration;;;message queue;;aws;Amazon MQ
application-integration;;;data synchronization;;aws;AWS AppSync
application-integration;;;workflows orchestration;;aws;AWS Step Functions
application-integration;;;workflows orchestration;;aws;AWS Express Workflows
application-integration;;;events bus;;aws;AWS EventBridge
application-integration;;;data flow management;;aws;Amazon AppFlow
application-integration;;;B2B data interchange;;aws;AWS B2B data interchange (B2Bi
artificial-intelligence;;ai_natural-language-understanding;automatic speech recognition;ASR;aws;Amazon Transcribe
artificial-intelligence;;ai_natural-language-understanding;transcribe health patient-clinician conversation;;aws;AWS HealthScribe
artificial-intelligence;;;time-series forecasting;;aws;Amazon Forecast
artificial-intelligence;;;conversational interface development;;aws;Amazon Lex
artificial-intelligence;;;vision service api;;aws;Amazon Rekognition
artificial-intelligence;;;translation;;aws;Amazon Translate
artificial-intelligence;;;intelligence search;;aws;Amazon Kendra
artificial-intelligence;;;software code analysis;;aws;Amazon CodeGuru
artificial-intelligence;;;business and operational data monitoring;;aws;Amazon Lookout
artificial-intelligence;;;business and operational data monitoring;;aws;AMazon devOps Guru
artificial-intelligence;;;health data analysis;;aws;AWS HealthLake, Amazon Comprehend Medical
artificial-intelligence;;;computer vision;;aws;AWS Panorama
artificial-intelligence;;;code generator;;aws;Amazon CodeWhisperer
artificial-intelligence;;;genomic and biological data analysis;;aws;Amazon HealthOmics
artificial-intelligence;;;medical images analysis;;aws;AWS HealthImaging
artificial-intelligence;;;foundation models;FM;aws;Amazon Bedrock
artificial-intelligence;;;application anomalies detection;;azure;AI Anomaly Detector
artificial-intelligence;;;bots creation and connection;;azure;Azure AI Bot Services
artificial-intelligence;;;search and retrieval;;azure;Azure AI Search
artificial-intelligence;;;Design AI with Apache Spark�-based analytics;;azure;Azure Databricks
artificial-intelligence;;;An enterprise-grade service for the end-to-end machine learning lifecycle;;azure;Azure Machine Learning
artificial-intelligence;;;Cloud platform to host and share curated open datasets to accelerate development of machine learning models;;azure;Azure Open Datasets
artificial-intelligence;;;Add cognitive capabilities to apps with APIs and AI services;;azure;Azure Cognitive Services
artificial-intelligence;;;An AI service for quickly building video analytics solutions;;azure;Azure Video Analyzer�PREVIEW
artificial-intelligence;;;Distill actionable information from images;;azure;computer Vision
artificial-intelligence;;;Automated image, text, and video moderation;;azure;Content Moderator
artificial-intelligence;;;Easily customize your own state-of-the-art computer vision models for your unique use case;;azure;Custom Vision
artificial-intelligence;;;Rich pre-configured environment for AI development;;azure;Data Science Virtual Machines
artificial-intelligence;;;Detect, identify, analyze, organize, and tag faces in photos;;azure;Face API
artificial-intelligence;;;The AI-powered document extraction service that understands your forms;;azure;Azure Form Recognizer
artificial-intelligence;;;Empower users of all ages and abilities to read and comprehend text;;azure;Azure Immersive Reader
artificial-intelligence;;;Build for mixed reality using AI sensors;;azure;Kinect DK
artificial-intelligence;;;Teach your apps to understand commands from your users;;azure;Language Understanding (LUIS)
artificial-intelligence;;;Power genome sequencing & research insights;;azure;Microsoft Genomics
artificial-intelligence;;;Deliver personalized, relevant experiences for each of your users;;azure;Personalizer
artificial-intelligence;;;Create intelligent industrial control systems using simulations;;azure;Project Bonsai�PREVIEW
artificial-intelligence;;;Distill information into conversational, easy-to-navigate answers;;azure;QnA Maker
artificial-intelligence;;;A Speech service feature that verifies and identifies speakers;;azure;Speaker recognition
artificial-intelligence;;;A Speech service feature that accurately converts spoken audio to text;;azure;Speech to text
artificial-intelligence;;;Easily integrate real-time speech translation to your app;;azure;Speech translation
artificial-intelligence;;;Add natural language capabilities with a single API call;;azure;Cognitive Service for Language
artificial-intelligence;;;A Speech service feature that converts text to lifelike speech;;azure;Text to speech
artificial-intelligence;;;Easily conduct machine translation with a simple REST API call;;azure;Translator
artificial-intelligence;;;An AI service that monitors metrics and diagnoses issues;;azure;Azure Metrics Advisor
artificial-intelligence;;;A managed service purpose-built for development of virtual healthcare assistants;;azure;Health Bot
artificial-intelligence;;;Accelerate edge intelligence from silicon to service;;azure;Azure Percept�PREVIEW
artificial-intelligence;;;Specialized services that enable organizations to accelerate time to value in applying AI to solve common scenarios;;azure;Azure Applied AI Services
artificial-intelligence;;;Apply advanced language models to a variety of use cases;;azure;Azure OpenAI Service�PREVIEW
artificial-intelligence;;ai_ai-generative;content generation assistant;;aws;Amazon Q
artificial-intelligence;;ai_ai-generative;content generation assistant;;azure;Microsoft Copilot
artificial-intelligence;;ai_natural-language-processing;document data extract and analysis;;aws;Amazon Comprehend
artificial-intelligence;;ai_natural-language-processing;health data extract and analysis;;aws;Amazon Comprehend Medical
artificial-intelligence;;ai_natural-language-processing;text to speech;;aws;Amazon Polly
artificial-intelligence;;ai_machine-learning;hardware engine;;aws;Amazon Elastic Inferentia
artificial-intelligence;;ai_machine-learning;individualized recommendations;;aws;Amazon Personalize
artificial-intelligence;;ai_machine-learning;dataset labeling;;aws;Amazon SageMaker Ground Truth
artificial-intelligence;;ai_machine-learning;optical character recognition (OCR);OCR;aws;Amazon Textract
artificial-intelligence;;ai_machine-learning;deep learning;;aws;AWS Deep Learning
artificial-intelligence;;ai_machine-learning;deep learning;;aws;AWS Deep Learning Containers
artificial-intelligence;;ai_machine-learning;deep learning;;aws;AWS Deeep Lens
artificial-intelligence;;ai_machine-learning;deep learning;;aws;AWS DeepRacer
artificial-intelligence;;ai_machine-learning;deep learning;;aws;AWS DeepComposer
artificial-intelligence;;ai_machine-learning;deep learning;;opensource;TensorFlow
artificial-intelligence;;ai_machine-learning;deep learning;;opensource;PyTorch
artificial-intelligence;;ai_machine-learning;deep learning;;opensource;Apache MXNet
artificial-intelligence;;ai_machine-learning;fraud detection;;aws;Amazon Fraud Detector
artificial-intelligence;;ai_machine-learning;sdk;;aws;AWS Neuron
blockchain;;;managed blockchain;;aws;Amazon Blockchain
blockchain;;;ledger database;;aws;Amazon Quantum Ledger Database
business-application;;;intelligent assistant;;aws;Alexa for business
business-application;;;online communication;;aws;Amazon Chime
business-application;;;online communication;;aws;Amazon Chime SDK
business-application;;;email and calendar;;aws;Amazon WorkMail
business-application;;;contact center;;aws;Amazon Connect
business-application;;;customer multichannel communication;;aws;Amazon Pinpoint
business-application;;;email service;;aws;Amazon Simple Email Service (SES)
business-application;;;document sharing and collaboration;;aws;Amazon WorkDocs
business-application;;;document sharing and collaboration;;aws;Amazon WorkDocs SDK
business-application;;;end-to-end encryption;;aws;Amazon Wickr
business-application;;;supply chain application;;aws;AWS Supply Chain
business-application;;;software as a service applications connectivity;;aws;AWS AppFabric
cloud-financial-management;;;cost monitoring;;aws;AWS Budgets
cloud-financial-management;;;cost data set;;aws;AWS Cost and Usage Reports
cloud-financial-management;;;cost analysis;;aws;AWS Cost Explorer
cloud-financial-management;;;cost analysis;;aws;AWS Cost Explorer
cloud-financial-management;;;instance cost;;aws;Reserved Instance Reporting
cloud-financial-management;;;cost savings;;aws;Savings plans
compute;;;image build check;;aws;Amazon EC2 Image Builder
compute;;;container hosting;;aws;BottleRocket
compute;;;high performance cluster;HPC;aws;AWS Parallel Cluster
compute;;;remote display;;aws;NICE DCV
compute;;;isolated execution environment;;aws;AWS Nitro Enclaves
compute;;;automatic integration and delivery pipeline;;aws;AWS App Runner
compute;;;job control;;aws;Nice EngineFrame
compute;;;batch jobs;;aws;AWS Batch
compute;;;real-time large-scale spatial simulations;;aws;AWS SimSpace Weaver
compute;;;compute instance for web application;;aws;Amazon Elastic Compute Cloud (EC2)
compute;;;compute instance for web application;;aws;Amazon Lightsail
compute;;;web application deployment;;aws;AWS Elastic Beanstalk
compute;;;serverless function as a service;;aws;AWS Lambda
compute;;;customer premises;;aws;AWS Outposts
compute;;;serverless application repository;;aws;AWS Serverless Application Repository
compute;;;Quickly create powerful cloud apps for web and mobile;;azure;App Service
compute;;;Create, manage, operate, and optimize HPC and big compute clusters of any scale;;azure;Azure CycleCloud
compute;;;Accelerate your development lifecycle by building your quantum solution once and running it on multiple systems with little to no change;;azure;Azure Quantum�PREVIEW
compute;;;Provision unused compute capacity at deep discounts to run interruptible workloads;;azure;Azure Spot Virtual Machines
compute;;;Build and deploy Spring Boot apps with a fully managed service from Microsoft and VMware;;azure;Azure Spring Cloud
compute;;;Run your VMware workloads natively on Azure;;azure;Azure VMware Solution
compute;;;Cloud-scale job scheduling and compute management;;azure;Batch
compute;;;Create highly-available, infinitely-scalable cloud applications and APIs;;azure;Cloud Services
compute;;;Provision virtual machines for Ubuntu, Red Hat, and more;;azure;Linux Virtual Machines
compute;;;Migrate SQL Server workloads to the cloud at lower total cost of ownership (TCO);;azure;SQL Server on Azure Virtual Machines
compute;;;Streamlined full-stack development from source code to global high availability;;azure;Static Web Apps
compute;;;Manage and scale up to thousands of Linux and Windows VMs;;azure;Virtual Machine Scale Sets
compute;;;Provision Windows and Linux VMs in seconds;;azure;Virtual Machines
compute;;;Enable a secure, remote desktop experience from anywhere;;azure;Azure Virtual Desktop
compute;;;A dedicated physical server to host your Azure VMs for Windows and Linux;;azure;Azure Dedicated Host
compute;;;Simplify your image building process with easy to use tool;;azure;Azure VM Image Builder
compute;;;Deploy and scale containers on managed Kubernetes;;azure;Azure Kubernetes Service (AKS)
compute;;;Execute event-driven serverless code with an end-to-end development experience;;azure;Azure Functions
compute;;;Launch containers with hypervisor isolation;;azure;Azure Container Instances
compute;;;Deploy and operate always-on, scalable, distributed apps;;azure;Azure Service Fabric
containers;;;orchestrator;;aws;Amazon Elastic Kubernetes Service (EKS)
containers;;;orchestrator;;aws;Amazon Elastic Container Service (ECS)
containers;;;registry;;aws;Amazon Elastic Container Registry (ECR)
containers;;;serverless compute engine;;aws;AWS Fargate
containers;;;serverless compute engine;;aws;Red Hat OpenShift Service on AWS (ROSA)
containers;;;serverless compute engine;;redhat;Openshift
containers;;;Fast, scalable parameter storage for app configuration;;azure;App Configuration
containers;;;Deploy and scale containers on managed Kubernetes;;azure;Azure Kubernetes Service (AKS)
containers;;;Deploy and scale containers on managed Red Hat OpenShift;;azure;Azure Red Hat OpenShift
containers;;;Build and deploy modern apps and microservices using serverless containers;;azure;Azure Container Apps�PREVIEW
containers;;;Execute event-driven serverless code with an end-to-end development experience;;azure;Azure Functions
containers;;;Run containerized web apps on Windows and Linux;;azure;Web App for containers
containers;;;Launch containers with hypervisor isolation;;azure;Azure Container Instances
containers;;;Deploy and operate always-on, scalable, distributed apps;;azure;Azure Service Fabric
containers;;;Build, store, secure, and replicate container images and artifacts;;azure;Azure Container Registry
database;;;serverless relational database;SQL ;aws;Amazon Aurora
database;;;serverless key-value database;NoSQL;aws;Amazon DynamoDB
database;;;serverless key-value database;NoSQL;opensource;MongoDB
database;;;managed database service;;aws;Amazon Keyspaces (for Apache Cassandra)
database;;;database migration service;;aws;AWS Database Migration Service (AWS DMS)
database;;;graph analytics and serverless database;;aws;Amazon Neptune
database;;;serverless time series database service;;aws;Amazon Timestream
database;;;relational database;;aws;Amazon Relational Database Service (Amazon RDS)
database;;;relational database;;opensource;MySQL
database;;;relational database;;opensource;MariaDB
database;;;redis compatible in memory database;;aws;Amazon MemoryDB for Redis
database;;;redis compatible in memory database;;aws;Amazon ElastiCache
database;;;Accelerate apps with high-throughput, low-latency data caching;;azure;Azure Cache for Redis
database;;;Build or modernize scalable, high-performance apps;;azure;Azure Cosmos DB
database;;;Hybrid data integration at enterprise scale, made easy;;azure;Azure Data Factory
database;;;Deploy applications to the cloud with enterprise-ready, fully managed community MariaDB;;azure;Azure Database for MariaDB
database;;;Fully managed, scalable MySQL Database;;azure;Azure Database for MySQL
database;;;Fully managed, intelligent, and scalable PostgreSQL;;azure;Azure Database for PostgreSQL
database;;;Simplify on-premises database migration to the cloud;;azure;Azure Database Migration Service
database;;;Modern SQL family for migration and app modernization;;azure;Azure SQL
database;;;Managed, intelligent SQL in the cloud;;azure;Azure SQL Database
database;;;Consume Services privately on Azure Platform;;azure;Azure SQL Edge
database;;;Managed, always up-to-date SQL instance in the cloud;;azure;Azure SQL Managed Instance
database;;;Migrate SQL Server workloads to the cloud at lower total cost of ownership (TCO);;azure;SQL Server on Azure Virtual Machines
database;;;NoSQL key-value store using semi-structured datasets;;azure;Table Storage
database;;;Modernize Cassandra data clusters with a managed instance in the cloud;;azure;Azure Managed Instance for Apache Cassandra
database;;;Tamperproof, unstructured data store hosted in trusted execution environments (TEEs) and backed by cryptographically verifiable evidence;;azure;Azure confidential ledger�PREVIEW
developer-tools;;;integrated development environment;IDE;aws;AWS Cloud9
developer-tools;;;integrated development environment;IDE;microsoft;Visual Studio
developer-tools;;;build;;aws;AWS CodeBuild
developer-tools;;;source control;;aws;AWS CodeCommit
developer-tools;;;application deployment;;aws;AWS CodeDeploy
developer-tools;;;ci/cd pipeline;CI/CD;aws;AWS CodePipeline
developer-tools;;;ci/cd pipeline;CI/CD;aws;AWS CodeCatalyst
developer-tools;;;command line interface;CLI;aws;AWS Command Line Interface
developer-tools;;;application analysis, trace and debug;;aws;AWS X-Ray
developer-tools;;;infrastructure as code;IaC;aws;AWS Cloud Development Kit (AWS CDK)
developer-tools;;;infrastructure as code;IaC;aws;AWS CloudFormation
developer-tools;;;artifact repository;;aws;AWS CodeArtifact
developer-tools;;;browser shell;;aws;AWS CloudShell
developer-tools;;;open java development kit distribution;OpenJDK;aws;Amazon Coretto
developer-tools;;;cloud control api;;aws;AWS Cloud Control API
developer-tools;;;visual application design and build;;aws;AWS Application Composer
developer-tools;;;resilience testing tool;;aws;AWS Fault Injection Service
developer-tools;;;Fast, scalable parameter storage for app configuration;;azure;App Configuration
developer-tools;;;Services for teams to share code, track work, and ship software;;azure;Azure DevOps
developer-tools;;;Quickly create environments using reusable templates and artifacts;;azure;Azure DevTest Labs
developer-tools;;;Set up labs for classrooms, trials, development and testing, and other scenarios;;azure;Azure Lab Services
developer-tools;;;Continuously build, test, and deploy to any platform and cloud;;azure;Azure Pipelines
developer-tools;;;Get the SDKs and command-line tools you need;;azure;SDKs
developer-tools;;;Powerful and flexible environment to develop apps in the cloud;;azure;Visual Studio
developer-tools;;;A powerful, lightweight code editor for cloud development;;azure;Visual Studio Code
developer-tools;;;Optimize app performance with high-scale load testing;;azure;Azure Load Testing�PREVIEW
devops;;;Create, host, and share packages with your team;;azure;Azure Artifacts
devops;;;Plan, track, and discuss work across your teams;;azure;Azure Boards
devops;;;Services for teams to share code, track work, and ship software;;azure;Azure DevOps
devops;;;Quickly create environments using reusable templates and artifacts;;azure;Azure DevTest Labs
devops;;;Full observability into your applications, infrastructure, and network;;azure;Azure Monitor
devops;;;Continuously build, test, and deploy to any platform and cloud;;azure;Azure Pipelines
devops;;;Get unlimited, cloud-hosted private Git repos for your project;;azure;Azure Repos
devops;;;Test and ship confidently with an exploratory test toolkit;;azure;Azure Test Plans
devops;;;Use your favorite DevOps tools with Azure;;azure;DevOps tool integrations
devops;;;Optimize app performance with high-scale load testing;;azure;Azure Load Testing�PREVIEW
end-user-computing;;;end user computing;;aws;Amazon AppStream
front-end-web-and-mobile;;;web and mobile application full stack development;;aws;AWS Amplify
front-end-web-and-mobile;;;location functionality, maps, points of interest, geocoding, routing, tracking, geofencing;;aws;Amazon location service
games;;;game server;;aws;Amazon GameLift
games;;;game engine integration toolkit;;aws;AWS GameKit
hybrid-multicloud;;;Synchronize on-premises directories and enable single sign-on;;azure;Azure Active Directory (Azure AD)
hybrid-multicloud;;;Secure, develop, and operate infrastructure, apps, and Azure services anywhere;;azure;Azure Arc
hybrid-multicloud;;;Fully managed, intelligent, and scalable PostgreSQL;;azure;Azure Database for PostgreSQL
hybrid-multicloud;;;Services for teams to share code, track work, and ship software;;azure;Azure DevOps
hybrid-multicloud;;;Experience a fast, reliable, and private connection to Azure;;azure;Azure ExpressRoute
hybrid-multicloud;;;Extend cloud intelligence and analytics to edge devices;;azure;Azure IoT Edge
hybrid-multicloud;;;Cloud-native SIEM and intelligent security analytics;;azure;Microsoft Sentinel
hybrid-multicloud;;;Managed, intelligent SQL in the cloud;;azure;Azure SQL Database
hybrid-multicloud;;;Consume Services privately on Azure Platform;;azure;Azure SQL Edge
hybrid-multicloud;;;Build and run innovative hybrid apps across cloud boundaries;;azure;Azure Stack
hybrid-multicloud;;;Extend threat protection to any infrastructure;;azure;Microsoft Defender for Cloud
hybrid-multicloud;;;Run your production workloads anywhere on hybrid, familiar hyperconverged infrastructure;;azure;Azure Stack HCI
hybrid-multicloud;;;Azure Stack Hub is sold as an integrated hardware system, with software pre-installed on validated hardware;;azure;Azure Stack Hub
hybrid-multicloud;;;An Azure managed device that brings the compute, storage, and intelligence of Azure to the edge;;azure;Azure Stack Edge
hybrid-multicloud;;;A complete, rugged datacenter solution;;azure;Azure Modular Datacenter
identity;;;Synchronize on-premises directories and enable single sign-on;;azure;Azure Active Directory (Azure AD)
identity;;;Manage your domain controllers in the cloud;;azure;Azure Active Directory Domain Services
identity;;;Better protect your sensitive information�anytime, anywhere;;azure;Azure Information Protection
identity;;;Consumer identity and access management in the cloud;;azure;Azure Active Directory External Identities
integration;;;Publish APIs to developers, partners, and employees securely and at scale;;azure;API Management
integration;;;A unified solution that helps protect and combine health data in the cloud and generates healthcare insights with analytics;;azure;Azure Healthcare APIs�PREVIEW
integration;;;Reliable event delivery at massive scale;;azure;Event Grid
integration;;;Automate the access and use of data across clouds;;azure;Logic Apps
integration;;;Connect across private and public cloud environments;;azure;Service Bus
integration;;;Easily build real-time messaging web applications using WebSockets and the publish-subscribe pattern;;azure;Azure Web PubSub
internet-of-things;;;real time operating system for microcontrollers;;opensource;Free RTOS
internet-of-things;;;iot data analysis;;aws;AWS IoT analytics
internet-of-things;;;wifi button device;;aws;AWS IoT Button
internet-of-things;;;iot device connect and message transfer ;;aws;AWS IoT Core
internet-of-things;;;iot device fleet security;;aws;AWS IoT Device Defender
internet-of-things;;;iot device management;;aws;AWS IoT Device Management
internet-of-things;;;iot device fleet monitoring and actions;;aws;AWS IoT Events
internet-of-things;;;device software build and management;;aws;AWS IoT GreenGrass
internet-of-things;;;collect store monitor data from industrial equipment;;aws;AWS IoT SiteWise
internet-of-things;;;connectivity module;;aws;AWS IoT ExpressLink
internet-of-things;;;build digital twins;;aws;AWS IoT TwinMaker
internet-of-things;;;robot interoperability data collect and standardization;;aws;AWS IoT Robborunner
internet-of-things;;;vehicle data collect transform and transfer;;aws;AWS IoT FleetWise
internet-of-things;;;Publish APIs to developers, partners, and employees securely and at scale;;azure;API Management
internet-of-things;;;Build or modernize scalable, high-performance apps;;azure;Azure Cosmos DB
internet-of-things;;;Use IoT spatial intelligence to create models of physical environments;;azure;Azure Digital Twins
internet-of-things;;;Build IoT solutions on a hosted platform;;azure;Azure IoT Central
internet-of-things;;;Extend cloud intelligence and analytics to edge devices;;azure;Azure IoT Edge
internet-of-things;;;Connect, monitor, and manage billions of IoT assets;;azure;Azure IoT Hub
internet-of-things;;;An enterprise-grade service for the end-to-end machine learning lifecycle;;azure;Azure Machine Learning
internet-of-things;;;Create location-aware web and mobile applications using simple and secure geospatial services, APIs, and SDKs in Azure;;azure;Azure Maps
internet-of-things;;;Making embedded IoT development and connectivity easy;;azure;Azure RTOS
internet-of-things;;;Securely connect MCU-powered devices from the silicon to the cloud;;azure;Azure Sphere
internet-of-things;;;Consume Services privately on Azure Platform;;azure;Azure SQL Edge
internet-of-things;;;Real-time analytics on fast-moving streaming data;;azure;Azure Stream Analytics
internet-of-things;;;Visualize IoT data in real time;;azure;Azure Time Series Insights
internet-of-things;;;Reliable event delivery at massive scale;;azure;Event Grid
internet-of-things;;;Build for mixed reality using AI sensors;;azure;Kinect DK
internet-of-things;;;Automate the access and use of data across clouds;;azure;Logic Apps
internet-of-things;;;Send push notifications to any platform from any back end;;azure;Notification Hubs
internet-of-things;;;Long-term OS support and services to manage device updates and assess device health;;azure;Windows 10 IoT Core Services
internet-of-things;;;Continuous asset discovery, vulnerability management, and threat detection for your Internet-of-things (IoT) and operational technology (OT) devices;;azure;Microsoft Defender for IoT
internet-of-things;;;Accelerate edge intelligence from silicon to service;;azure;Azure Percept�PREVIEW
internet-of-things;;;Build intelligent edge solutions with world-class developer tools, long-term support, and enterprise-grade security.;;azure;Windows for IoT
internet-of-things;;;Execute event-driven serverless code with an end-to-end development experience;;azure;Azure Functions
management-and-governance;;;monitoring, logs and alerts;;aws;Amazon CloudWatch
management-and-governance;;;auto scaling;;aws;AWS Auto scaling
management-and-governance;;;auto scaling;;aws;AWS Application Auto Scaling
management-and-governance;;;asset audit and evaluate resources;;aws;AWS Config
management-and-governance;;;software license manager;;aws;AWS License Manager
management-and-governance;;;cloud resources events and changes management;;aws;AWS Health Dashboard
management-and-governance;;;governance, compliance and audit of account;;aws;AWS CloudTrail
management-and-governance;;;share, organize, and govern IaC templates;;aws;AWS Service Catalog
management-and-governance;;;control of infrastructure resources;;aws;AWS Systems Manager
management-and-governance;;;infrastructure inspection for finance, availability and performance recommendations;;aws;AWS Trusted Advisor
management-and-governance;;;cloud architecture audit;;aws;AWS Well-Architected Tool
management-and-governance;;;setup of cloud multi account environment (landing zone);;aws;AWS Control Tower
management-and-governance;;;organization and account management;;aws;AWS Organizations
management-and-governance;;;centralized management of configuration data;;aws;AWS AppConfig
management-and-governance;;;chatbot;;aws;AWS chatbot
management-and-governance;;;backup and restore;;aws;AWS Blackint Agent
management-and-governance;;;data visualization;;aws;AWS Managed Grafana
management-and-governance;;;monitoring;;opensource;prometheus
management-and-governance;;;telemetry data;;opensource;OpenTelemetry
management-and-governance;;;deployment workflow tool;;aws;AWS Proton
management-and-governance;;;configuring and deploying third party application;;aws;AWS Launch Wizard
management-and-governance;;;it service management;ITSM;aws;AWS Service Management Connector (SMC)
management-and-governance;;;telecom network build;;aws;AWS Telco Network Builder
management-and-governance;;;workload rightsizing;;aws;AWS Compute Optimizer
management-and-governance;;;console;;aws;AWS console Application
management-and-governance;;;console;;aws;AWS Console Mobile Application
management-and-governance;;;Simplify cloud management with process automation;;azure;Automation
management-and-governance;;;Your personalized Azure best practices recommendation engine;;azure;Azure Advisor
management-and-governance;;;Simplify data protection with built-in backup management at scale;;azure;Azure Backup
management-and-governance;;;Enabling quick, repeatable creation of governed environments;;azure;Azure Blueprints�PREVIEW
management-and-governance;;;Empowering service providers to manage customers at scale and with precision;;azure;Azure Lighthouse
management-and-governance;;;Simplify management of cloud offerings;;azure;Azure Managed Applications
management-and-governance;;;Discover, assess, right-size, and migrate your on-premises virtual machines (VMs) to Azure;;azure;Azure Migrate
management-and-governance;;;Stay connected to your Azure resources�anytime, anywhere;;azure;Azure mobile app
management-and-governance;;;Full observability into your applications, infrastructure, and network;;azure;Azure Monitor
management-and-governance;;;Implement corporate governance and standards at scale;;azure;Azure Policy
management-and-governance;;;Simplify how you manage your app resources;;azure;Azure Resource Manager
management-and-governance;;;Deliver infrastructure as code for all your Azure resources using Resource Manager;;azure;Azure Resource Manager templates
management-and-governance;;;Personalized guidance and support for when issues in Azure services affect you;;azure;Azure Service Health
management-and-governance;;;Keep your business running with built-in disaster recovery service;;azure;Azure Site Recovery
management-and-governance;;;Streamline Azure administration with a browser-based shell;;azure;Cloud Shell
management-and-governance;;;Manage your cloud spending with confidence;;azure;Azure Cost Management and Billing
management-and-governance;;;Build, manage, and monitor all Azure products in a single, unified console;;azure;Microsoft Azure portal
management-and-governance;;;Network performance monitoring and diagnostics solution;;azure;Network Watcher
management-and-governance;;;Route incoming traffic for high performance and availability;;azure;Traffic Manager
management-and-governance;;;Simplify and optimize IT management with automated operations;;azure;Azure Automanage�PREVIEW
management-and-governance;;;Simplify how you move multiple resources between Azure regions;;azure;Azure Resource Mover
management-and-governance;;;A unified data governance solution that maximizes the business value of your data;;azure;Azure Purview
management-and-governance;;;Improve application resilience by introducing faults and simulating outages;;azure;Azure Chaos Studio�PREVIEW
media-services;;;video transcoder;;aws;Amazon Elastic Transcoder
media-services;;;video transcoder;;aws;AWS Elemental Video Convert
media-services;;;video transcoder;;aws;AWS Elemental MediaConvert
media-services;;;video transport;;aws;AWS Elemental MediaConnect
media-services;;;broadcast live video processing;;aws;AWS Elemental MediaLive
media-services;;;broadcast live video processing;;aws;AWS Elemental Conductor
media-services;;;broadcast live video processing;;aws;AWS Elemental Delta
media-services;;;broadcast live video processing;;aws;AWS Elemental Live
media-services;;;broadcast live video processing;;aws;AWS Elemental Server
media-services;;;package, distribute video;;aws;AWS Elemental MediaPackage
media-services;;;video storage;;aws;AWS Elemental MediaStore
media-services;;;video ad insertion;;aws;AWS Elemental MediaTailor
media-services;;;video processing and delivery;;aws;AWS Elemental Appliances & Software
media-services;;;video live streaming low latency;;aws;AWS Interactive Video service
media-services;;;video source connection;;aws;AWS Elemental Link
media-services;;;process and render particles;;aws;AWS Thinkbox Krakatoa
media-services;;;process and render particles;;aws;AWS Thinkbox Frost
media-services;;;compute management software for render farms;;aws;AWS Thinkbox Deadline
media-services;;;compute management software for render farms;;aws;AWS Deadline Cloud
media-services;;;compressed animated geometry files;;aws;AWS Thinkbox XMesh
media-services;;;particle simulator;;aws;AWS Thinkbox Stoke
media-services;;;A single player for all your playback needs;;azure;Azure Media Player
media-services;;;Fast, reliable content delivery network with global reach;;azure;Content Delivery Network
media-services;;;Securely deliver content using AES, PlayReady, Widevine, and Fairplay;;azure;Content Protection
media-services;;;Studio grade encoding at cloud scale;;azure;Encoding
media-services;;;Deliver content to virtually all devices with ability to scale;;azure;Live and On-Demand Streaming
media-services;;;Encode, store, and stream video and audio at scale;;azure;Media Services
migration-and-modernization;;;collects usage, behavior, and configuration data;;aws;AWS Application Discovery Service
migration-and-modernization;;;secure file transfer;;aws;AWS Transfer Family
migration-and-modernization;;;data synchronization;;aws;AWS DataSync
migration-and-modernization;;;migration and modernization;;aws;AWS Migration Hub
migration-and-modernization;;;migration and modernization;;aws;AWS Application Migration Service
migration-and-modernization;;;migration and modernization;;aws;AWS Migration Evaluator
migration-and-modernization;;;migration and modernization;;aws;AWS Mainframe Modernization
migration-and-modernization;;;Simplify on-premises database migration to the cloud;;azure;Azure Database Migration Service
migration-and-modernization;;;Discover, assess, right-size, and migrate your on-premises virtual machines (VMs) to Azure;;azure;Azure Migrate
migration-and-modernization;;;Keep your business running with built-in disaster recovery service;;azure;Azure Site Recovery
migration-and-modernization;;;Manage your cloud spending with confidence;;azure;Azure Cost Management and Billing
migration-and-modernization;;;Appliances and solutions for data transfer to Azure and edge compute;;azure;Data Box
mixed-reality;;;Use IoT spatial intelligence to create models of physical environments;;azure;Azure Digital Twins
mixed-reality;;;Build for mixed reality using AI sensors;;azure;Kinect DK
mixed-reality;;;Render high-quality, interactive 3D content with real-time streaming;;azure;Remote Rendering
mixed-reality;;;Create multi-user, spatially aware mixed reality experiences;;azure;Spatial Anchors
mixed-reality;;;Automatically align and anchor 3D content to objects in the physical world;;azure;Object Anchors�PREVIEW
mobile;;;Publish APIs to developers, partners, and employees securely and at scale;;azure;API Management
mobile;;;Fast, scalable parameter storage for app configuration;;azure;App Configuration
mobile;;;Quickly create powerful cloud apps for web and mobile;;azure;App Service
mobile;;;Enterprise scale search for app development;;azure;Azure Cognitive Search
mobile;;;Create location-aware web and mobile applications using simple and secure geospatial services, APIs, and SDKs in Azure;;azure;Azure Maps
mobile;;;Add cognitive capabilities to apps with APIs and AI services;;azure;Azure Cognitive Services
mobile;;;Send push notifications to any platform from any back end;;azure;Notification Hubs
mobile;;;Create multi-user, spatially aware mixed reality experiences;;azure;Spatial Anchors
mobile;;;Build, test, release, and monitor your mobile and desktop apps;;azure;Visual Studio App Center
mobile;;;Create cloud-powered mobile apps faster;;azure;Xamarin
mobile;;;Build rich communication experiences with the same secure platform used by Microsoft Teams;;azure;Azure Communication Services
networking-and-content-delivery;;;virtual network connection;;aws;AWS Transit Gateway
networking-and-content-delivery;;;content delivery network;CDN;aws;Amazon Cloud Front
networking-and-content-delivery;;;Domain Name Server;DNS;aws;Amazon Route 53
networking-and-content-delivery;;;virtual network;;aws;Amazon Virtual Private Cloud (VPC)
networking-and-content-delivery;;;application level networking;;aws;AWS App Mesh
networking-and-content-delivery;;;cloud resource discovery;;aws;AWS Cloud Map
networking-and-content-delivery;;;network connection;;aws;AWS Direct Connect
networking-and-content-delivery;;;network performance;;aws;AWS Global Accelerator
networking-and-content-delivery;;;virtual private network;VPN;aws;AWS Client VPN
networking-and-content-delivery;;;virtual private network;VPN;aws;AWS Site-to-Site VPN
networking-and-content-delivery;;;load balancer;;aws;Application Load Balancer
networking-and-content-delivery;;;load balancer;;aws;Network Load Balancer
networking-and-content-delivery;;;load balancer;;aws;Gateway Load Balancer
networking-and-content-delivery;;;private link;;aws;AWS PrivateLink
networking-and-content-delivery;;;wide area network;WAN;aws;AWS Cloud WAN
networking-and-content-delivery;;;cellular network;;aws;AWS Private 5G
networking-and-content-delivery;;;network traffic management;;aws;AWS VPC Lattice
networking-and-content-delivery;;;secure access to corporate applications;;aws;AWS Verified Access
networking-and-content-delivery;;;api gateway;;aws;Amazon API Gateway
networking-and-content-delivery;;;Build secure, scalable, highly available web front ends in Azure;;azure;Application Gateway
networking-and-content-delivery;;;Private and fully managed RDP and SSH access to your virtual machines;;azure;Azure Bastion
networking-and-content-delivery;;;Protect your applications from Distributed Denial of Service (DDoS) attacks;;azure;Azure DDoS Protection
networking-and-content-delivery;;;Host your DNS domain in Azure;;azure;Azure DNS
networking-and-content-delivery;;;Experience a fast, reliable, and private connection to Azure;;azure;Azure ExpressRoute
networking-and-content-delivery;;;Cloud-native and intelligent network firewall security;;azure;Azure Firewall
networking-and-content-delivery;;;Deliver high availability and network performance to your apps;;azure;Load Balancer
networking-and-content-delivery;;;Central network security policy and route management for globally distributed, software-defined perimeters;;azure;Azure Firewall Manager
networking-and-content-delivery;;;Fast, reliable, and more secure cloud content delivery service with intelligent threat protection;;azure;Azure Front Door
networking-and-content-delivery;;;Test how networking infrastructure changes will impact your customers' performance.;;azure;Azure Internet Analyzer�PREVIEW
networking-and-content-delivery;;;Private access to services hosted on the Azure platform, keeping your data on the Microsoft network;;azure;Azure Private Link
networking-and-content-delivery;;;Fast, reliable content delivery network with global reach;;azure;Content Delivery Network
networking-and-content-delivery;;;Network performance monitoring and diagnostics solution;;azure;Network Watcher
networking-and-content-delivery;;;Route incoming traffic for high performance and availability;;azure;Traffic Manager
networking-and-content-delivery;;;Provision private networks, optionally connect to on-premises datacenters;;azure;Virtual Network
networking-and-content-delivery;;;Optimize and automate branch to branch connectivity through Azure;;azure;Virtual WAN
networking-and-content-delivery;;;Establish secure, cross-premises connectivity;;azure;VPN Gateway
networking-and-content-delivery;;;A cloud-native web application firewall (WAF) service that provides powerful protection for web apps;;azure;Web Application Firewall
networking-and-content-delivery;;;Satellite ground station and scheduling services for fast downlinking of data;;azure;Azure Orbital�PREVIEW
networking-and-content-delivery;;;Enable network appliances to exchange routes dynamically with virtual networks in Azure;;azure;Azure Route Server
networking-and-content-delivery;;;Extend Azure management for deploying 5G and SD-WAN network functions on edge devices;;azure;Azure Network Function Manager
networking-and-content-delivery;;;Centrally manage virtual networks in Azure from a single pane of glass;;azure;Azure Virtual Network Manager�PREVIEW
networking-and-content-delivery;;;Rapidly deploy and manage private 5G networks at the enterprise edge;;azure;Azure Private 5G Core�PREVIEW
quantum-technologies;;;quantum computing;;aws;Amazon Bracket
robotics;;;simulation workload;;aws;AWS RoboMaker
satellite;;;satellite communication;;aws;AWS Ground Station
security-and-compliance;;;hierarchical datastore;;aws;Amazon Cloud directory
security-and-compliance;;;identity platform for web and mobile application;;aws;Amazon Cognito
security-and-compliance;;;data, account and workload protection;;aws;Amazon GuardDuty
security-and-compliance;;;vulnerability scan management;;aws;Amazon Inspector
security-and-compliance;;;sensitive data reporting;;aws;Amazon Macie
security-and-compliance;;;compliance information access;;aws;AWS Artifact
security-and-compliance;;;public and private certificates management;;aws;AWS Certificate Manager (ACMà
security-and-compliance;;;cryptographic service for hardware security modules (HSMs);;aws;AWS CloudHSM
security-and-compliance;;;active directory;;aws;AWS Directory Service
security-and-compliance;;;active directory;;azure;Active Directory
security-and-compliance;;;active directory;;microsoft;Active Directory
security-and-compliance;;;resource protection management;;aws;AWS Firewall Manager
security-and-compliance;;;identity and access management;;aws;AWS Identity and Access Management (IAM)
security-and-compliance;;;cryptographic keys management;;aws;AWS Key management Service (AWS KMS
security-and-compliance;;;secret management;;aws;AWS Secret Manager
security-and-compliance;;;cloud security posture management;CSPM;aws;AWS Security Hub
security-and-compliance;;;ddos protection;;aws;AWS Shield
security-and-compliance;;;firewall;;aws;AWS WAF
security-and-compliance;;;security data analysis;;aws;Amazon Detective
security-and-compliance;;;resources sharing;;aws;AWS Resource Access Manager
security-and-compliance;;;risk and compliance audit;;aws;AWS Audit Manager
security-and-compliance;;;firewall rules;;aws;AWS Network Firewall
security-and-compliance;;;code signing;;aws;AWS Signer
security-and-compliance;;;private certificate authority;CA;aws;
security-and-compliance;;;authorization service;;aws;Amazon Verified Permissions
security-and-compliance;;;security data centralization;;aws;Amazon Security Lake
security-and-compliance;;;payment processing;;aws;AWS Payment Cryptography
security-and-compliance;;;Fast, scalable parameter storage for app configuration;;azure;App Configuration
security-and-compliance;;;Build secure, scalable, highly available web front ends in Azure;;azure;Application Gateway
security-and-compliance;;;Synchronize on-premises directories and enable single sign-on;;azure;Azure Active Directory (Azure AD)
security-and-compliance;;;Manage your domain controllers in the cloud;;azure;Azure Active Directory Domain Services
security-and-compliance;;;Protect your multi-cloud and hybrid environments;;azure;Microsoft Defender for Cloud
security-and-compliance;;;Protect your applications from Distributed Denial of Service (DDoS) attacks;;azure;Azure DDoS Protection
security-and-compliance;;;Manage hardware security modules that you use in the cloud;;azure;Azure Dedicated HSM
security-and-compliance;;;Fast, reliable, and more secure cloud content delivery service with intelligent threat protection;;azure;Azure Front Door
security-and-compliance;;;Better protect your sensitive information�anytime, anywhere;;azure;Azure Information Protection
security-and-compliance;;;Cloud-native SIEM and intelligent security analytics;;azure;Microsoft Sentinel
security-and-compliance;;;Safeguard and maintain control of keys and other secrets;;azure;Key Vault
security-and-compliance;;;Extend threat protection to any infrastructure;;azure;Microsoft Defender for Cloud
security-and-compliance;;;Establish secure, cross-premises connectivity;;azure;VPN Gateway
security-and-compliance;;;A cloud-native web application firewall (WAF) service that provides powerful protection for web apps;;azure;Web Application Firewall
security-and-compliance;;;Continuous asset discovery, vulnerability management, and threat detection for your Internet-of-things (IoT) and operational technology (OT) devices;;azure;Microsoft Defender for IoT
security-and-compliance;;;A unified solution for remotely verifying the trustworthiness of a platform and integrity of the binaries running inside it;;azure;Microsoft Azure Attestation
security-and-compliance;;;Tamperproof, unstructured data store hosted in trusted execution environments (TEEs) and backed by cryptographically verifiable evidence;;azure;Azure confidential ledger�PREVIEW
storage;;;attached network storage;;aws;Amazon Elastic Block Store (EBS)
storage;;;cloud storage connection;;aws;AWS Storage Gateway
storage;;;file system;;aws;Amazon Elastic File System (EFS)
storage;;;disaster recovery;;aws;AWS Elastic Disaster Recovery (DRS)
storage;;;file server;;aws;Amazon FSx
storage;;;edge computing;;aws;Amazon Snowball Edge
storage;;;edge computing;;aws;AWS Snowcone
storage;;;backup;;aws;AWS Backup
storage;;;simple storage;;aws;Amazon Simple Storage service (S3)
storage;;;cache storage;;aws;Amazon File Cache
storage;;;Industry leading price point for storing rarely accessed data;;azure;Archive Storage
storage;;;Run high-performance, file-based workloads in the cloud;;azure;Avere vFXT for Azure
storage;;;Simplify data protection with built-in backup management at scale;;azure;Azure Backup
storage;;;Scalable, secure data lake for high-performance analytics;;azure;Azure Data Lake Storage
storage;;;Hyperscale repository for big data analytics workloads;;azure;Azure Data Lake Storage Gen1
storage;;;A simple and safe service for sharing big data with external organizations;;azure;Azure Data Share
storage;;;Simple, secure and serverless enterprise-grade cloud file shares;;azure;Azure Files
storage;;;Hybrid storage optimization solution for HPC environments;;azure;Azure FXT Edge Filer
storage;;;File caching for high-performance computing (HPC);;azure;Azure HPC Cache
storage;;;Enterprise-grade Azure file shares, powered by NetApp;;azure;Azure NetApp Files
storage;;;Massively scalable and secure object storage;;azure;Azure Blob Storage
storage;;;Appliances and solutions for data transfer to Azure and edge compute;;azure;Data Box
storage;;;High-performance, highly durable block storage;;azure;Azure Disk Storage
storage;;;Effectively scale apps according to traffic;;azure;Queue Storage
storage;;;Durable, highly available, and massively scalable cloud storage;;azure;Storage Accounts
storage;;;View and interact with Azure storage resources;;azure;Storage Explorer
storage;;;Lower costs with an enterprise hybrid cloud storage solution;;azure;StorSimple
storage;;;Tamperproof, unstructured data store hosted in trusted execution environments (TEEs) and backed by cryptographically verifiable evidence;;azure;Azure confidential ledger�PREVIEW
virtual-desktop-infrastructure;;;Enable a secure, remote desktop experience from anywhere;;azure;Azure Virtual Desktop
virtual-desktop-infrastructure;;;Provision Windows desktops and apps with VMware and Azure Virtual Desktop;;azure;VMware Horizon Cloud on Microsoft Azure
virtual-desktop-infrastructure;;;Provision Windows desktops and apps on Azure with Citrix and Azure Virtual Desktop;;azure;Citrix Virtual Apps and Desktops for Azure
web;;;Publish APIs to developers, partners, and employees securely and at scale;;azure;API Management
web;;;Fast, scalable parameter storage for app configuration;;azure;App Configuration
web;;;Quickly create powerful cloud apps for web and mobile;;azure;App Service
web;;;Enterprise scale search for app development;;azure;Azure Cognitive Search
web;;;Create location-aware web and mobile applications using simple and secure geospatial services, APIs, and SDKs in Azure;;azure;Azure Maps
web;;;Add real-time web functionalities easily;;azure;Azure SignalR Service
web;;;Build and deploy Spring Boot apps with a fully managed service from Microsoft and VMware;;azure;Azure Spring Cloud
web;;;Fast, reliable content delivery network with global reach;;azure;Content Delivery Network
web;;;Send push notifications to any platform from any back end;;azure;Notification Hubs
web;;;Streamlined full-stack development from source code to global high availability;;azure;Static Web Apps
web;;;Build rich communication experiences with the same secure platform used by Microsoft Teams;;azure;Azure Communication Services
web;;;Easily build real-time messaging web applications using WebSockets and the publish-subscribe pattern;;azure;Azure Web PubSub
web;;;Easily add real-time collaborative experiences to your apps with Fluid Framework;;azure;Azure Fluid Relay�PREVIEW
web;;;Run containerized web apps on Windows and Linux;;azure;Web App for containers
